width,length,type
1.806212478101708,3.533361073434153,C
1.3870378734819018,3.7423184885380474,C
1.2706529294414888,3.5290140778818837,C
3.26402119555686,1.6501827889918437,L
3.8729984088657576,1.2539189958769792,L
1.5325289372355364,3.823996450734873,C
1.59892380864119,3.4513040874426255,C
1.659559742983094,3.712738927912304,C
3.986507002803707,1.4205397501552286,L
3.670699443763642,1.17223170880711,L
1.522232492391634,3.488857312155214,C
3.49797233597254,1.3783640263215866,L
1.2245279493775758,3.8136240390673977,C
3.468554022619329,1.2250279420133698,L
1.1556593481005095,3.460018937936251,C
3.5254252583396806,1.5271322248557107,L
3.645796752538078,1.532186090194964,L
1.7259804232433855,3.7855851453681884,C
1.4750614889299,3.4721870650633355,C
1.7431240204620861,3.1705446537300204,C
3.4897460205297306,1.3716299127980085,L
1.1880165014194817,3.332515325087805,C
3.86588326129621,1.1380886764397176,L
1.5369469404132,3.4671128739470385,C
3.2821051406952404,1.8416102369530614,L
3.8529346712149444,1.457083453118964,L
3.1488987514872866,2.0737984128136846,L
1.8781147245104473,3.2116235459048603,C
1.0558304050675593,3.449907193148188,C
3.5896431249562673,1.2254547084787282,L
3.9183289996892396,1.4841439520750217,L
3.5546674851091145,1.3072369366398169,L
3.849467763947099,1.2019370713228248,L
3.505934221159153,1.6635258222498293,L
1.6556761704522596,3.608143235028422,C
3.5007213079165616,1.5661636000055068,L
1.2385339541655955,3.7610723076641905,C
3.4245076826475875,1.721985622104378,L
3.931486785059287,0.7768354915978459,L
3.671731311855996,2.092764494990049,L
1.2336901488393517,3.873888293075641,C
1.6179048383326908,3.5213510211875434,C
3.3179837864860793,1.491326036502019,L
1.6650706149262295,3.2563649294588064,C
1.2724650738570162,3.505432912732367,C
1.7030350149433153,3.3917037722403744,C
1.6369048558724562,3.1621085310291988,C
3.526340354827535,1.326729046251415,L
3.83961727418914,1.418500193056302,L
3.528545660578367,1.4666559785759188,L
1.4761027597724778,3.493855706921635,C
1.5969550681887683,3.3299066040142566,C
3.614069699318679,1.6922420119192794,L
3.0683429823830606,1.2809331180420087,L
3.2418577510045514,1.1579112085527625,L
1.7475923641305922,3.079754449928811,C
1.4706170832817413,3.3569215864124073,C
1.2345810097141894,3.5473908871546262,C
1.5534466024603149,3.5498528737048796,C
1.843750216163278,4.203489020953368,C
3.522450639219837,1.6020031978886362,L
3.3899292556930245,1.918873494362732,L
3.949490697293575,1.7024321556668993,L
1.7002245364839654,4.13637179994917,C
1.3708202763616562,3.6921008837417246,C
3.4301701427300975,1.0190134280014724,L
3.201946242090377,1.8560027102097396,L
1.2831385846273924,3.583642554475135,C
0.9926125627824677,3.1241862350198435,C
1.5835227129914176,2.7338205603893733,C
3.3023547890919134,1.5639106519259693,L
1.591688444486255,3.1499979855006175,C
0.9390254709189523,3.2906510337896613,C
1.4417857371327765,3.3359116183303215,C
3.4058279472885813,1.7404781731658057,L
1.4599771495567768,3.664193599348506,C
1.065843781175622,3.4429914969415285,C
2.7995963755852604,1.7736246456453366,L
3.2231227242438156,1.5533215805850966,L
1.702380678394569,3.624929620068821,C
3.220297891226178,1.1375023429565,L
3.6070136105721082,1.653171684896574,L
3.3723424384257084,1.0640971807759991,L
1.7089320639724532,3.8593889559740933,C
1.5760906032702695,3.305016671211191,C
3.3434607091633275,1.3113067877803806,L
3.2610316988335404,1.4453010561101145,L
3.874449616327352,1.6987448144330888,L
1.5316158639050093,3.7198113512262023,C
3.8290887432542093,1.7673363594078337,L
3.2442046757942493,1.595533537653863,L
3.67027217935468,1.7148396584125174,L
1.3416932539843887,3.382191433813334,C
1.323795979897069,3.098342772941179,C
1.5408048155432401,3.3931335145758394,C
3.4706268793490467,1.400613669970133,L
1.916287538141412,3.7017979607323976,C
3.317083593938823,1.4073422662899522,L
3.6834847746456814,1.721221308396947,L
1.1884817280310898,3.4050825976132226,C
1.8836869117053159,3.673767865011213,C
3.5151361850202942,1.4904258350482795,L
1.2219454444007753,3.567352828145291,C
1.7776321302129205,3.3389462753154873,C
1.3784509994131284,3.61924319279525,C
3.6034048619441323,1.5773173474863307,L
1.281974292418978,3.6735749232560475,C
1.5707628816619157,3.6319800323489617,C
1.0388267769654438,3.5402059234753116,C
3.4902515241309486,1.5958531397072668,L
1.2382351208588207,3.7201997521028254,C
3.6244830182047045,1.522260601543118,L
1.4858694763784714,3.5436516690690825,C
3.717012414050599,1.13675110295608,L
3.6302616383983306,1.335577764109601,L
3.314496703852847,1.7135253841213138,L
3.7237890139177274,1.5725514362960666,L
1.6484162372986868,3.773558918826553,C
3.3361753472127154,1.5340796760709194,L
1.5987002966385462,3.270832483841584,C
1.6711717448528256,3.483653181455621,C
1.1617383961181873,3.500409721674974,C
3.6298888826835656,1.353044658490483,L
1.3475838689605901,3.764898287546162,C
1.373379557273475,3.186024864766459,C
3.674322680594829,1.6125304690143294,L
3.3996415822121726,1.8736390485697876,L
1.0109058979797327,3.151101752872162,C
1.8532257139316437,3.7992728471035773,C
1.4816697153836662,3.9935835377950375,C
3.419733347687049,1.2574303564966756,L
1.5095205619521213,3.640385816351045,C
3.5976893727351094,1.593733920695374,L
1.0755281531474559,3.9056080796507757,C
3.78759900319274,1.6492061740492565,L
3.5269307437185535,1.6011021354916508,L
3.8428323242579703,1.2271190214185856,L
3.570310380256034,1.075265088248454,L
1.9906571836489406,4.149536858796022,C
1.548765468480425,3.6688977723510137,C
1.3855061271069509,3.5538161684990177,C
1.8372497663441714,3.2138112706146247,C
1.7729271484630325,3.444470441238034,C
3.4906347085386615,1.5854581935645047,L
1.745904365677351,4.040759464788544,C
1.9215937569554846,3.6771575062925907,C
3.8521280781814475,1.9231382951208094,L
3.465224804266851,1.8813147990600083,L
2.0849240237740543,3.4150576002627258,C
3.304283358809037,1.7187336762529997,L
3.8842249230793575,1.7108029158762743,L
1.3439107142913467,3.0685449594082,C
3.632936497414681,1.7456810130765585,L
1.6650665914809988,3.947043036522268,C
3.396481891393325,1.507101001778498,L
3.9147447718731523,1.0838506541067212,L
1.7278848862575185,3.8090025190911025,C
1.2400866284900662,3.681788784398645,C
3.815499730504656,1.6517699858794472,L
1.9925629408096692,3.4408755805222953,C
3.5595686000734683,1.4311131695179413,L
2.9438060156439194,1.847682954363942,L
3.4696731944215196,1.654897390160189,L
1.5609932500064585,3.5645336689084766,C
1.1764859513951187,3.512360252968374,C
1.2775521231143925,3.8667189726836906,C
3.9021172290688173,1.1515518678474241,L
1.4926288633643081,2.8532739584253495,C
3.698983774040374,1.9450920827046072,L
3.3093039540825693,1.0438952947846465,L
3.4885663395504767,1.5263774764621845,L
1.5750208888885038,3.437025588906496,C
1.3627366035816142,3.3898260496004893,C
3.7039773492867933,1.3660050154917145,L
1.5271765665430792,3.2962052015606136,C
3.6275548286118857,1.5357079157243838,L
3.270876829453147,1.640346326487923,L
1.4671755961692805,3.2862329798964454,C
1.3744041665559101,2.910954858968965,C
1.1433939230117667,3.5922998325369573,C
1.4199048187288372,3.4620783364553636,C
1.4402536552476175,3.232658003597041,C
3.8104468884772147,1.4844418029126007,L
1.7528622936237825,3.303276352445001,C
1.9564022444529274,3.362715523221607,C
1.3752428768982696,3.177606010921071,C
1.5289504889133092,3.103848297055976,C
3.5190479091449474,1.5052062305455642,L
1.2939663377758333,3.504888120825418,C
1.4692690115673834,3.2495537968471977,C
1.152806035148182,3.2549813249335156,C
1.6453775473399426,3.5523378758856166,C
1.8325354881953526,3.467540274075317,C
3.6121376339616766,1.7476106720618472,L
1.5203720133469745,3.3692854201358124,C
1.5894651337949792,3.5879531590868736,C
1.5400908876789723,3.7185150930827926,C
2.6375789594648644,1.5780517652120374,L
4.010132842149234,1.5523542749607953,L
1.2532718553304651,3.4523101880839175,C
3.6879060496948504,1.744526241870529,L
3.8007003530264347,1.5020761585873852,L
4.250277920146055,1.2144025741120528,L
3.2716988474897986,1.1761290043141828,L
3.831674122707068,1.7590418672469,L
1.3722464284079257,3.6720793650722325,C
1.479850442365711,3.7465992960027705,C
1.4634346707593795,3.271956822382325,C
1.17305936822689,3.3010042947012144,C
1.6083540653278356,3.563344779552708,C
1.6899308188326154,3.4325577606502997,C
1.3982755873124666,3.8152763565941665,C
3.3773418883105535,1.49463703683609,L
1.546320000142528,3.5622965287399677,C
3.4264094644886223,1.6746673873465698,L
3.631675863134306,1.0364532273425915,L
1.5661661946946426,2.737481521982647,C
1.228419753632104,3.705312453194944,C
1.2929279669994935,3.8751095961062467,C
1.5064794494909495,3.497993838422251,C
1.6365519544022835,3.528860244344177,C
1.526760188283052,3.221650462612136,C
1.2778468957170463,3.2583538495823055,C
1.7106180618976572,3.5102563301636858,C
1.5059782039355354,3.3677261429167413,C
1.2292569742438622,3.179403891728822,C
1.4823119516747192,3.8935402500905747,C
1.5006232061270282,3.6372391185226665,C
1.8956866754515036,3.2647833233775776,C
3.4681961012828526,1.43442174772641,L
3.4195732972679633,1.654865386643033,L
1.3944242107067757,3.754897256530182,C
1.3016359203080856,3.498197464150085,C
1.2878956780731863,3.6942003115839603,C
1.1674183823937963,3.7094010991497255,C
3.216816008086611,1.5297817754371061,L
3.641062701870724,1.5065381820173018,L
4.026652552026448,1.7852156851606389,L
1.222725792901637,3.5346218386793433,C
1.7894370953538528,3.127880973029281,C
1.7070305416965206,3.5427726883912536,C
3.8687429636677866,1.5220541557293163,L
3.758852966482703,1.863999978169058,L
3.745331979113618,1.2756900519953756,L
3.7451602060457785,1.401261206752426,L
3.7911549973055534,1.8611115073376636,L
3.560877597258088,1.6338544378197344,L
1.3268395309041416,3.5892924772282457,C
1.288457652085282,3.7738029243036966,C
1.9696338703559837,3.2323326883298176,C
3.1449154722090276,1.2597751443858758,L
1.687610338735621,2.9926988339567364,C
1.4739171540966716,2.9438133976020056,C
0.8908996152555088,3.4611077798364547,C
1.329324461558035,3.3149372183263814,C
3.2880801510738187,1.7919784385337811,L
1.4706184040514871,3.0464531456514874,C
3.159328478079458,1.6316118260662602,L
3.5213481953534416,1.8438121884801721,L
1.7546444409828112,3.7736356477768287,C
1.935417816473229,3.5267141400199176,C
2.1705775160448875,3.201888065319782,C
3.080267729227287,1.812313565310103,L
1.9973499533032752,3.6782549930798045,C
1.0649510218446632,3.6243542987578934,C
1.7553840865417045,3.5529269504053165,C
2.8566587089546256,1.7593359846201853,L
1.311222162195916,3.667019182984064,C
3.6673209585054125,1.9845110154240246,L
3.859359951537146,1.865317572394288,L
1.829287768520827,3.4579834834211582,C
2.9958182504835245,1.3811781143893207,L
1.0669009558006182,3.4921346647964326,C
1.2876167329740942,3.202183626343665,C
1.4980129790816512,3.411513595608107,C
4.112913962547126,1.7023373872501855,L
1.8289535317044927,3.279018421232505,C
1.7780674671296668,3.7418369854554068,C
1.8741460399557068,3.4924531428498686,C
1.33456274004126,3.456039609875017,C
3.5588866815245095,1.914257243695771,L
1.2910777917085015,3.5933401875491033,C
0.9049116383212051,3.854385127121005,C
1.184567472833694,3.657190935146444,C
3.180703101857764,0.9702913059294791,L
3.2956236639136143,1.3016453296865789,L
1.6545763809996983,3.226122237426881,C
3.3474927061884894,1.7186686851268282,L
3.8309324829512454,1.560619272549746,L
1.3202053545672667,2.771554980050343,C
3.4711074170477016,2.105100089976575,L
1.8585098735436552,3.458493609791906,C
3.4313590276363404,1.8593043688545665,L
3.333111701142041,1.6123423714289575,L
1.3102231989126287,3.311850279134074,C
1.4134972619545803,3.213407209056883,C
1.5019512853441903,3.3573285518871527,C
3.2617544487969217,1.7360230284412577,L
1.7073123066633642,3.9626178278851,C
3.519527639191964,1.7434751105181354,L
3.4871845976085134,1.1121688308574382,L
1.4547113970028114,3.541576383525174,C
3.420312496775027,1.4611222844588883,L
1.309967282234773,3.4373823346822237,C
1.5482503974739201,3.787262873356574,C
1.251425472318856,3.5801874906073885,C
3.7512553992146636,1.534649323351651,L
1.807819591232282,3.7069627841238235,C
1.4916621551715354,3.3728433043344563,C
1.6144719191127967,3.3297097332245924,C
1.6348167193872243,3.7106924005360344,C
1.2864529410728425,3.6466468416676814,C
3.2891478625716286,1.269881333975439,L
2.024853717380817,3.367384961913064,C
2.967056366749496,1.8053549646198839,L
3.7327730896326905,1.392438498207253,L
3.5775994270608256,1.313937958383357,L
3.8215283598620506,1.6164784463304576,L
1.565033333035361,3.560568271052506,C
1.6541658638934906,3.0901207698640554,C
3.3157759247080283,1.4294495399018192,L
1.4391994160196617,3.117747218775585,C
1.202234275073243,3.16782598929045,C
1.6559590298428308,3.0877316229323126,C
1.6741261654346107,3.8216060074707965,C
1.6983668033524117,3.603773810648048,C
1.5100166822065249,3.023195289082979,C
3.5273905215742705,1.4730873124441055,L
1.6159784958725896,3.2201655905143887,C
3.159752524395799,1.4403523765288866,L
1.276566705414766,3.4284510199505394,C
3.384016233343689,1.7387712421196913,L
3.3182534765875915,1.2826847627510256,L
3.154004719065832,1.4834839574556682,L
3.3559387661813602,1.6397274526970518,L
1.178418962670155,3.578957710083672,C
3.7390254332581985,1.3805271807809425,L
1.438774963530901,3.231877719712461,C
1.853020797312757,3.4087011471736233,C
1.4994259989433634,3.58915443596294,C
4.092228647425799,1.618702968576912,L
1.6013835182734495,3.8290743507545213,C
3.627000794398675,1.4141545707962127,L
1.3577661308567768,3.630321556902629,C
1.6299145979536362,4.013011044443271,C
1.1418096022409745,3.82702060671979,C
3.5997297433582243,1.299596951930987,L
1.7197642751085667,3.6664933698988187,C
1.577144158374536,3.206805055048298,C
1.7451258310086246,3.055940251830935,C
1.223059053746158,3.6110893265503594,C
1.2940825421131972,3.628889736208206,C
1.827728806011708,4.018072804100254,C
1.5872329811637018,3.3226629546186093,C
1.128544561633721,3.401362278797306,C
3.934246038586897,1.4557654245862743,L
1.6383640860134348,3.2418484307175994,C
3.23274763951891,1.7965872400527367,L
1.4735124031326323,3.047361656617121,C
3.8155155720091547,1.4438478740295149,L
3.218147075876734,1.3476409494178099,L
1.3047065445873625,3.28834797448831,C
3.8149964165022205,1.5629231495962932,L
1.1965100003511226,3.2955390778874007,C
1.3563210183635142,3.327345558508483,C
3.238498651949218,1.3000845091762878,L
1.072732738848603,3.9361394639199103,C
1.5616192056171188,3.5943396419947056,C
3.3118004786852544,1.9122643765919747,L
3.2980024698986417,1.6151860238942333,L
2.8399450641585844,1.8487991744146537,L
1.832016437477268,3.3627970128875084,C
3.7477976659924064,1.5594238433755774,L
1.38677690914789,3.379271835667925,C
3.6536293812838867,1.6779054230433599,L
1.6076839141764416,3.532025288538803,C
1.437965304826567,3.536036710984696,C
1.1766996749121241,3.9514994401296692,C
3.6654696804059843,1.1975262934117112,L
1.6407544338236422,3.3603579226769638,C
3.8362167815890333,2.0523517622294856,L
1.2822028705661161,3.582826739738516,C
1.952482595061879,3.4515590897989292,C
2.0679385052408676,3.351887380300676,C
1.6852597170449235,3.3400599369148187,C
3.812891496212712,1.200285723093365,L
3.5073460394133167,1.4896623249385355,L
1.548430368609562,3.5645885509813136,C
3.859026099735117,1.2141861517596026,L
3.2741060406095652,1.3308584873072034,L
1.5413691814889592,3.2182509254370046,C
3.607717790153516,1.5646930985073948,L
1.4890887415535845,4.1214249445841675,C
1.2456817109285863,4.161109413685753,C
3.459404245410545,1.6053403441676317,L
1.6135045615222525,3.3891190743736694,C
3.525351325967791,1.3511872632446686,L
3.6828945794681935,1.447158586662153,L
3.5082117514004327,1.5422243352438378,L
1.2773621798638999,3.5608292669968304,C
3.835488842259183,1.4474496822182035,L
1.460797764007528,3.1678808429954826,C
1.5320041682552428,3.532538921615942,C
1.5510447172559827,3.307132229270222,C
1.515408757985173,3.362458949545084,C
1.4080066571628969,3.7648409154099296,C
1.560078971404855,3.6764979205170563,C
3.1524409919390575,1.6176727834443063,L
1.89435366784134,3.9887210259124286,C
1.9839505491467393,3.5277576616051984,C
1.5158532055736251,3.758592572430107,C
1.3850965246384124,3.0916908970786494,C
3.415535203904749,1.5546241053591054,L
3.643443114199329,1.341057390384334,L
2.831108156334341,1.375418997853203,L
1.3588405523002058,3.631923942807961,C
1.6463608212960974,3.2760943616704226,C
1.3526284740345071,3.473461743737054,C
1.6266243108661653,3.0404623640478734,C
0.9219090349680382,3.0963726290873126,C
1.5411343351884772,3.6707660382447154,C
1.9069031206492422,3.238476592903275,C
3.8961042935691563,1.462100094645191,L
1.3095820571287526,3.1553159995224522,C
1.5682381218849373,3.7327003566187495,C
1.1471556578583073,3.163126246857739,C
1.1005692702812147,3.701875600913363,C
3.6292633270877874,1.266532799471524,L
1.3837648976764811,3.849674185519169,C
2.1408154840303175,3.8502533367705114,C
3.876244358490494,1.6506680188191711,L
1.3372453732396705,3.5734466769429005,C
1.0296896029614513,4.120149149616717,C
1.7892646025397974,3.8705583586187586,C
1.2036433921606247,3.376717296084967,C
3.9413125975250716,1.7191835436031637,L
3.3056509568144747,1.7474666433858348,L
3.8393762229249666,1.0736408522839138,L
1.7051859271732,3.7345265925408992,C
3.7288657934683322,1.761570590894208,L
1.7158539659753074,3.076934575959874,C
1.2886329758966462,3.39362391331234,C
3.78446297848145,1.4275023011287398,L
3.8828664043683236,1.2903928230488624,L
1.2573096801526729,3.7972595348726594,C
3.5983240879217187,1.5939758121476422,L
1.285925407413831,3.5240317838068926,C
3.4255453949940677,1.0932820213077985,L
1.7411428792338235,3.298030589003177,C
3.5404238748807013,1.8207322993759123,L
1.342670759645584,3.6633974741615045,C
3.259031579961005,1.5701288235682134,L
1.3933388112100686,3.7938899445548313,C
1.521585171146809,3.8803774243424365,C
2.8788261926133893,1.1911156609491225,L
3.311793256652559,1.563352918706131,L
3.178781038744336,1.547351017158738,L
1.8928275626546478,3.3746782770978916,C
3.679740257570624,1.5420184347821602,L
1.0814709935563596,3.689134773387405,C
1.1556204368125806,4.39910863964307,C
3.313057460838705,1.4314650448539563,L
1.456714164331878,3.8304374750022854,C
1.435615073918422,3.21665556010716,C
3.9976219805534954,0.9517291999706688,L
3.286781934866463,1.2693363351812466,L
1.276401822672835,3.24174508725557,C
3.7070033408009055,1.4787090995627938,L
1.8328975610701386,3.3216421657302972,C
1.5964512547927325,2.875292996063685,C
1.7946282563344689,3.210987344633465,C
3.7286122552312313,1.2309596612450076,L
1.5973349576904936,3.319435426778055,C
1.743737384747968,3.229242675542722,C
3.4741780721947517,1.46237289920115,L
1.321335797189845,3.223975328661646,C
3.299844583994411,1.4068673923183044,L
0.8486423481286776,3.8016182839657287,C
3.894447704868793,1.6436190398575459,L
1.2149572305641176,2.81195043353704,C
1.717579673948973,3.4886305165778007,C
3.340345682769446,1.6986590257527074,L
1.223164688541125,3.566595250770524,C
1.4996537931404195,3.657983608890722,C
3.4023075797157976,1.8113721416394886,L
1.7966182583692292,3.2282349389095524,C
3.6554070568271024,1.5037271025172574,L
2.21555400074178,2.6030391449538968,C
3.6001865015374803,0.759615228293591,L
1.73449036665358,3.530737422357932,C
3.1191229404157395,1.2777983309176284,L
1.470577751540093,3.7197437305811505,C
3.160153626783541,1.5601815165981099,L
1.6800462513725456,3.337526177716138,C
1.7519541035947277,3.6011639031873153,C
1.9710527312157746,3.6131034082992866,C
1.526305126353995,3.595753036763077,C
3.97636098332622,1.6911465359820756,L
3.458329984813236,1.5435052528359117,L
3.6552496651847473,1.1013636114536398,L
1.4351644569781012,3.494536511590921,C
1.4620658321778728,3.1053670691243176,C
3.698200952833592,1.7147144552480824,L
3.5560694988782213,1.395934204954694,L
1.4670463875569002,3.579925272064741,C
3.7112542398992274,1.5622037457944016,L
1.9227072385443866,3.4049896245292106,C
1.8654864426959952,3.6503463799725826,C
3.27539597350352,1.4682834732104797,L
3.1561409776773734,1.8006730612152857,L
1.7508728277513113,3.627333730105193,C
1.4549745731739623,3.332843710965655,C
1.1637131122395505,3.57435465448137,C
1.5499105122354833,3.639390310336701,C
1.038354925944163,3.5833019448797923,C
1.5924877700800846,3.7594894041886135,C
3.6992542907772266,1.4064718133453036,L
1.381583184311575,3.6171695598308893,C
3.325957495072433,1.665619491684164,L
1.6799607073890295,3.730014477976573,C
1.568638858148583,3.7664797767717024,C
3.1439823723766027,1.6607289367708424,L
1.9939834616985093,3.1780113335260394,C
3.488627179425762,1.5168807079389588,L
1.827973351040248,3.7334266493683237,C
3.1678787234863566,2.0403398182540595,L
2.9602874097511096,1.7543214530758395,L
3.5977874328943686,1.902769226230061,L
1.4055448448554013,3.8159120148717527,C
1.6389716022581153,3.204950315888542,C
3.7786999770991754,1.357820921163729,L
1.2305427288821165,3.475539009260456,C
1.574624278852755,3.55944557047726,C
1.5300816515458484,3.405602698953522,C
1.5277672519578063,3.2768986061361387,C
1.0821264193937643,3.996003431115677,C
1.5678307601506627,3.647162952043047,C
3.340592952262132,1.076797796039645,L
1.2954350671524768,3.527882747794708,C
1.2758659448150749,3.4353694159917683,C
1.2492326197133137,3.542650655605956,C
3.260571983114927,1.4534242305085718,L
3.3092333795292728,1.2318725195666345,L
2.933731034340217,1.9206173820192745,L
3.487880561848479,1.169078539633667,L
1.8185739948147637,3.527664991433979,C
1.7180261760924498,2.942403966998661,C
1.7982634157925703,3.83475790985863,C
1.6551457963212568,3.5045312336736707,C
1.5988284392959828,3.1451474640204142,C
1.8224498692016535,4.085027127807749,C
3.6260712161600814,1.5578961881814766,L
2.9716139155266346,1.2584327015683885,L
1.5869320007176246,3.84572873706159,C
3.760770248471734,1.0918198149099247,L
1.9950574861890313,3.2813533007444127,C
1.8006810453688478,3.3544177596264513,C
1.8312446884811928,3.7613263430468318,C
1.269018733087624,3.6863495489005498,C
3.997490280282047,1.8723591078767456,L
1.349187020727678,3.894808088775464,C
3.6603382197382204,1.7167098810464316,L
3.016274579138294,1.603963789545863,L
1.6521213101232293,3.2536206089200754,C
1.5933521194230744,3.503144230451979,C
1.2742797982570777,3.919762822851081,C
1.429897712962728,3.6253742603999344,C
2.0646294155452205,3.693099852615443,C
3.4316709624787443,1.2286058525225407,L
3.6196564570343233,1.3620336793368677,L
3.767351784890553,1.4792497382678362,L
3.4363207163025273,1.7673727971732174,L
3.8965999427252744,1.7780885472429007,L
1.0590762193511256,3.5394183067679,C
3.472603707903864,1.9739500187823484,L
3.4837086474159946,1.4295602312869669,L
1.4452812240555653,3.4976004161956773,C
3.3850332276811863,1.5057358896103445,L
1.7781083670323143,3.1301642507298055,C
1.3238601255959823,3.5383395905686723,C
1.577521417249382,3.5164570782442444,C
1.5232367492735934,3.5459343747250123,C
3.407473346801386,1.958451717752368,L
1.9775022317177053,3.5318386743578527,C
1.895695694718373,3.3088520151006677,C
1.478399234408643,3.4395276188394797,C
1.4241722753168196,3.5791952429617826,C
3.2713665911700014,1.2495173966115172,L
1.121684428698855,3.1638946504001337,C
1.974939047977001,3.263780724963307,C
3.6027159995040994,1.2427448200417457,L
1.0245657157847132,3.4589351350431485,C
3.6369293420125604,1.6926067516949859,L
3.2193744139445872,1.652893198726409,L
1.5298510340501381,3.4824473135169463,C
3.481791098833077,1.4526711466330129,L
1.261370353648325,3.145110737363898,C
1.331160181983579,3.7076009883872065,C
1.005917682327109,3.8766022792910557,C
1.3803246157264333,3.389988425288964,C
1.677550222322068,3.856248028432941,C
3.5545039246420034,1.9798789889281334,L
3.6578124256935345,1.5913313185071762,L
3.4602608387715783,1.7649025597260506,L
3.1581223559624587,1.4505235330362656,L
1.0021461935909821,3.447048655380561,C
1.0202961903861123,3.5191266583266096,C
1.352408041096469,3.236562704096283,C
1.415674076945756,3.7123809865167865,C
3.998823992901762,1.401397274112505,L
3.409107265847066,1.6921063227415503,L
1.4219498819927607,3.419618590990974,C
1.0630517248663454,3.529801612654808,C
1.7487492936194142,3.9031897472289394,C
1.406931661159602,3.4332171897553,C
1.5670256277082752,3.2012846441208476,C
1.881145870877634,3.261799032148106,C
3.248588372022569,1.3798987018604545,L
1.1620381114183904,3.435623885805575,C
1.7178965914667381,3.6744021386404424,C
3.5263820297063786,1.3402441637072025,L
1.5314230804041014,3.4175945102305043,C
1.6545161197080243,3.7842991153057857,C
3.6898603857994186,1.4153456189572062,L
3.355474040237871,1.6812477910562227,L
1.6983837973238158,3.7958356958402217,C
1.4300394789037891,3.233956057943217,C
1.4121340480321263,3.5015145388241686,C
1.2699882542804282,3.317051321945769,C
1.731370757254288,3.7472181882136195,C
1.4324252507945667,3.422358036315528,C
1.61454973440794,3.771549857656564,C
1.4022337932685278,3.185999583781083,C
2.963991049204748,1.50947145913705,L
3.592669343127141,1.8330332727230811,L
1.6877673080992968,3.4920610200353677,C
1.3654767357742599,3.3993042589704623,C
1.3913426604758565,3.6322445956823075,C
1.11106319781915,3.224066852654161,C
1.534346874761878,3.6497317392444315,C
3.515979913806657,1.8236954943576653,L
3.5728484842290715,1.2390122620308361,L
1.680919425333699,4.242069449844713,C
1.6173112096651692,3.2752038734890023,C
1.1195181658204592,3.414113861788342,C
2.1069704006678402,3.7405234001334198,C
3.4637798399961697,1.454762648407284,L
3.627671223695341,1.1230041311540622,L
1.6567804676705622,3.4306293236821044,C
1.3033685712837892,3.790394042774297,C
1.4287661483577632,3.720296150656065,C
1.3651315817074792,3.572854570005177,C
3.5227543733687856,1.6990204685395451,L
1.1821517283528498,3.1942529452152417,C
1.2987361520679623,3.691130871779742,C
3.208985099077434,1.4956635029772096,L
1.6198658845065281,3.4641403053585673,C
1.8762862104272595,3.4981393328621597,C
3.2920173348875847,1.3666768539265215,L
1.1779373863246638,3.7800354348363205,C
1.6393910262866696,3.609246243483179,C
1.349270699253937,3.6706367762962477,C
3.5613858920774453,1.880003861276909,L
3.578685401987933,1.4599823543932948,L
3.0877528618714924,1.2161488704499193,L
1.5815604144230782,3.0157301122389937,C
1.1732300698845617,3.602156109137018,C
1.4532898589296532,3.5758099291956715,C
3.707996965431581,1.0478074575901792,L
3.5897851029885084,1.1619584041346918,L
1.443405511085283,3.887846756208097,C
2.268634974192827,3.451237877213772,C
0.6614520244784617,3.8041650699681298,C
3.6258751668677855,1.6800803394034096,L
1.74867039346633,3.1286557416045073,C
3.3125212189237017,1.6859812391806073,L
1.9034018191185444,3.75832971427588,C
1.3106224754104252,3.485999405861172,C
3.5210362825802948,1.265516350813368,L
1.5403196227105385,3.5900115364589102,C
3.5670879607677963,1.1185217164382661,L
1.6851298649049546,3.6899225658806243,C
1.592420110886323,3.3367348460963355,C
1.455260779771438,3.1600850311779483,C
1.8260367074125574,3.3862352258936554,C
1.5492329448029014,3.0315132933554088,C
3.7313466377951423,1.6863287831093003,L
1.8359711616504732,3.848863380633538,C
1.0015101547407412,3.395267748963523,C
4.194616863758978,1.6160153219586306,L
3.4734146585755328,1.4646090457893155,L
3.9827336872169257,1.937473876797765,L
1.5990241658987123,3.3670421622072575,C
3.5578917119491202,1.7654483280993207,L
1.447289158465563,3.693330935084344,C
1.2755219416869705,3.0273097609259465,C
1.7232728903825032,3.2361788509542646,C
3.9919367064980396,1.9574806883308167,L
1.4405611864235646,3.5918180065376175,C
3.6114317140756813,1.4348393103897954,L
1.533149688984326,3.5427714268080455,C
1.5331005108146536,3.0131831620582132,C
1.5524213916002756,3.612656531667434,C
1.2569216471594475,3.7527702095652327,C
1.344572995525678,3.9419204678508986,C
1.7457740094201737,3.4558398089115796,C
1.2823293431144518,3.23050972864484,C
1.2016674259367512,3.1510428674591187,C
1.6848806211471195,3.1733890862981298,C
3.3078403095162474,2.341821917273984,L
1.4737769652074992,3.459038112207881,C
1.5518803248610051,3.6989608447334676,C
1.1850664523592718,3.023924693880293,C
1.3668071799897126,3.398316497008,C
1.186552490022464,3.172131584423351,C
1.394089473370872,3.6177940264061066,C
4.114506255511597,1.9839237064028536,L
3.927625808676768,1.2435099618397043,L
3.9047787041644897,1.4790382786673053,L
2.0139847183258146,3.3197173492066034,C
3.1087901249379613,1.5557333947524445,L
3.7528839408579917,1.6040239384045432,L
2.058287992913979,3.4919044915639628,C
3.538807918543844,1.4225357449351528,L
1.166457528780636,3.7906904623001787,C
1.6587251904579958,3.48922014812493,C
1.6280600289879994,3.3183898669644316,C
3.6887393902554786,1.551021552129522,L
3.0231886025208645,1.4616092224800725,L
3.241403700928741,1.722644363200863,L
3.771216335376123,1.3330857594171803,L
3.616959206867692,1.6415574421626986,L
1.4485941002522789,3.1062237783156847,C
1.705015283367012,3.101919145665193,C
1.7690020732564933,3.3994356498613043,C
3.7647286560137863,1.6904912109212265,L
3.540693231958879,1.6640360105491059,L
1.3878534298081233,3.246357807216725,C
1.6841764518452211,3.9008959782937884,C
1.228184944960302,3.2661272426028662,C
1.873019455831373,3.5830603538384938,C
0.8139700012016456,3.457913346510648,C
1.6151706808435011,3.5240734751612153,C
3.277819009335606,1.4856514063178854,L
1.2091804321863953,3.5616839860530685,C
3.0798402604713195,1.0195296988052762,L
3.4008779171106864,1.577181661403145,L
1.2899931537499987,3.497790861172018,C
3.7266036950660193,1.1326250011564187,L
3.6643802610319027,1.6635876988346912,L
1.4372395723762716,3.5443940121575466,C
3.6075662054273643,1.8743767664732487,L
3.3734393844931225,1.3505959122279154,L
3.6694579792995663,1.4475902774662481,L
2.03391255372196,3.3107754751965546,C
1.5446976207040775,3.6289182698418947,C
1.641420364920226,3.127881617326069,C
2.902469179878671,1.2566087574882119,L
1.4134186052378113,3.6503946816291384,C
3.3478452953040074,1.5982540202448359,L
1.1899453054995512,3.6538942307123996,C
1.3769734956978446,3.1574792795511613,C
1.3959740479377811,3.4502104501443878,C
3.5283263805855185,1.540641312949112,L
1.328529455377895,3.9208895737690113,C
3.361805718168101,1.1740344270902807,L
1.7767808289785698,3.1260607124416984,C
1.4714608018276996,3.716401827092046,C
1.173590668264291,3.374410243154273,C
1.313402996687718,3.713050000015117,C
1.8352075629975455,3.4787131057845535,C
1.2874161172963676,3.215751163020264,C
3.457001412899464,1.5404405509005756,L
3.010443915560437,1.978235847559982,L
1.905305323730493,3.6191751865143975,C
1.558030464778069,3.1790680484498384,C
1.5460452481910343,3.62274492608937,C
1.8261147503970376,3.684232683580835,C
3.600619201511268,1.6453353138175124,L
1.381563858641636,3.364726818533913,C
3.5283910778780068,1.4859578417388082,L
3.40153701915454,1.6366458200519198,L
3.4991520852324154,1.6422713391876573,L
3.5928042299512497,1.9223242948161796,L
1.8896535443420102,3.745974448737326,C
3.2922117216527544,1.6470110503003934,L
1.4217108854165932,3.075127526480736,C
1.4776663224044442,3.786706703541914,C
3.597256480637008,1.5768021143692172,L
1.8358531425732365,3.692510538411148,C
1.258788417442346,3.721305243270883,C
1.8126551787504503,3.6748359307561134,C
1.164240258565221,3.29537892404382,C
1.3458559673178487,3.3795251238368813,C
1.7330726394351386,3.4641037575352236,C
3.4205070181910986,1.6391721216129387,L
1.2434887309524876,3.2105697735020993,C
3.2620319790269705,1.4246490802082046,L
3.609421284619744,1.3028589989572825,L
1.337997449557223,3.6434932540948686,C
1.5486256560779077,3.5354930276558534,C
3.461563753144174,1.620083233973271,L
3.1375544347970776,1.1523273377089607,L
3.4613428675979185,1.3256371795783837,L
3.491864680413309,1.8610604619257782,L
1.6204673089981365,3.841179735256957,C
1.5907502470945094,3.62503838798632,C
3.295062526104196,2.2993079865424693,L
1.3698035595616227,3.3795174937886543,C
3.7056106316998636,1.4582033634698421,L
1.0442501545249283,3.621184103398548,C
3.2511873812556176,1.7245500937984808,L
1.445751999498104,3.7004639493763474,C
1.2360351124019644,3.4855820183498114,C
3.363570276208832,1.6066542962375248,L
3.848809429291436,0.9223806824612938,L
1.6076031800197506,3.415217579251846,C
1.86812583462017,3.4048654552715165,C
1.7879026140336274,3.684893517813544,C
3.2409476602021217,1.3434430495832084,L
3.5461703474887387,1.6032287885773704,L
1.9667480705755034,3.3496636744339296,C
3.2429074744986877,1.320588209962106,L
3.4306098697029532,1.7192738377239052,L
1.5327775571816316,3.467390618526284,C
1.9091376729503844,3.101317003820832,C
3.7107813422368827,1.4870050938599644,L
1.104051076910903,3.497076731968906,C
1.7385422633504395,3.4812766241882223,C
3.402615767400191,1.368609642614939,L
1.2745691475326728,3.1460808471351287,C
1.7043328661201325,3.7639234728692514,C
3.8389951924309975,1.3056116433445348,L
2.904019578400143,1.9293848646658476,L
1.8765171283350046,3.794436132088266,C
3.4741578285059327,1.3963671630624852,L
3.7335530740455583,1.4568015427283976,L
3.7404889151465444,1.0612685153002808,L
3.636392952111637,1.4634612749823421,L
3.923610118371658,1.3052911054281047,L
1.6262330575833532,3.6419096546295404,C
1.0331728259613064,3.4215803640506604,C
1.0952482052378962,3.4322107840315685,C
4.129869586083695,1.2834349223093477,L
3.644090697590233,1.4241842575355104,L
1.6018958001214618,3.617211272441661,C
1.2308779754450938,3.3663593111228867,C
3.7209111644624264,1.2906498236901338,L
1.6259652269577276,3.608115658707053,C
3.3790020143824044,1.4899364925222194,L
3.1067742516185612,1.7628774461818875,L
1.526387220895345,3.8598142898326597,C
3.834610480173152,1.5017472210459637,L
1.3327139882261085,4.009540290479688,C
1.3359444502511937,3.714924449890618,C
1.1662372326554946,3.559865860129897,C
1.6277636158930597,3.38940975457499,C
1.8387500223562119,3.2327070948500682,C
1.8261381640555587,3.471845642191607,C
3.2003589310784535,1.4862130718608544,L
1.5323748826330985,3.1779964980585946,C
2.997370955787147,1.6445267594423743,L
1.2935701313637173,3.3455492600775965,C
3.8950876446623184,1.730792472154606,L
1.9089033266636717,3.0812961363230955,C
1.3896122584164534,3.8038933801585206,C
1.5436315245982843,3.4678446938858754,C
1.2839660001615116,2.827626314561741,C
3.5781952016161975,1.3959072309302223,L
3.6253006954287312,1.8203087180599171,L
1.7776239629056332,3.4942258605523544,C
3.5572825197151228,1.6079324226718732,L
1.702191613056204,3.128811352786041,C
3.7869711159278427,1.638501759808571,L
1.433486857751185,3.4772821915950067,C
1.7815983246309728,3.749495288184497,C
1.274275547982485,3.5390490874543787,C
1.2527425780656234,3.351312801664596,C
1.4200513642176742,3.625168031329119,C
1.0553507714978314,3.624865392479447,C
3.594146127709408,1.3148828896671745,L
1.1025193356050293,3.407902121911576,C
1.7675699822753081,3.6132009283296598,C
1.7422268235170957,3.7102785026623075,C
3.0810440646491037,1.539877511425422,L
3.27673910948057,1.1524410626556532,L
0.970896397777372,3.4970006406543965,C
1.2798679629997798,3.3300674306873654,C
1.4925599582400106,3.213245903270279,C
1.579169737343362,3.362520359735923,C
1.4881381737218429,3.5227302899939414,C
3.2930828638243423,1.6792550015643144,L
3.3091415350891817,1.7835383069959645,L
1.271300399697115,4.099179779360156,C
3.545738429256069,2.119829669014927,L
1.501776250877876,3.5882113967604923,C
3.1556983357060453,0.8880486126708687,L
1.1917687947483575,3.2712253651419436,C
3.2302274899962398,1.022376328839061,L
1.3336336260720087,3.5108697669578994,C
1.0517701639032915,3.6155037199226436,C
1.876967007762293,3.546390251606717,C
1.1108499349679053,3.481913871431299,C
1.440134546912616,3.4309979991837287,C
1.7056788683472155,3.511071094212382,C
3.783857849665558,2.226656642862743,L
1.7490205763809954,4.086502891632623,C
1.450720903627871,3.5914257213527074,C
1.9049755161993347,3.2159048246099857,C
1.2502050091654588,3.007634373660081,C
1.3446001007706656,3.4645145329464624,C
3.6026570601188412,1.3286816292439139,L
1.477707657910703,3.3937930086036108,C
1.5175752720781566,3.5903838830190407,C
3.594493032242492,1.43597675837734,L
1.777148386302796,3.2897529151869405,C
1.3606826652153992,3.3306201218366196,C
3.6508300129316424,1.469087333013164,L
1.3238084646265693,3.2654994376567754,C
3.7154986153707146,1.0875754927637544,L
3.963553409152284,1.4595671643074828,L
1.5285708211275728,3.1995901781621994,C
3.703187063134036,1.1857663167773556,L
2.9160457709630214,1.42419084668869,L
1.5863161019846606,3.013434439817037,C
3.6187549457463852,1.4687302013671173,L
1.9553137363967898,3.6946421654272443,C
1.6266914109430657,3.268430439731611,C
1.2763452703724798,3.5530823229511364,C
1.6838175788845229,3.673495414275199,C
1.6197018502225236,3.4575243609199964,C
1.5733264465418824,3.3837204551877575,C
3.4935318964836912,1.8174498164428363,L
1.4264627114772863,3.618997800655406,C
3.4008605609800173,1.46234182329991,L
3.705223003869835,1.2494346535636998,L
1.8324848966159637,3.731522806936609,C
3.475975943347639,1.837946504585285,L
3.318660744454651,1.6073189927812919,L
3.0983799582235676,1.486575579482458,L
1.7614946427506548,3.183017682888236,C
1.5085326199650513,3.4083825005197186,C
3.51629699600421,1.744730511279703,L
1.2583312307130226,3.9156042405223377,C
3.554497035858068,1.5511550949436645,L
1.7006569813903094,3.5808411806320244,C
1.7138660805508918,3.5795570683576576,C
1.2109811772062051,3.329480321875421,C
0.8825227261467243,4.017964671741889,C
1.9589124360026833,3.4084529682923805,C
3.241269440814885,1.18476405176259,L
3.328860454275243,1.5854483779827369,L
1.8593326503762797,3.8244020578638307,C
1.2100990148710844,3.2679913050829774,C
3.6491483143845884,1.1616127528862723,L
1.1054513405675814,3.3816588386674793,C
3.6524043239374238,1.5576758331053016,L
3.3856667488347987,1.6041965471757098,L
1.5863126285639437,3.27200524515255,C
3.413468911480622,1.1181254633202042,L
3.835112397295332,1.2564940862837217,L
3.5527885128510626,1.5481527938440072,L
1.4064729965768377,4.048474856532188,C
3.47427509306613,1.400857531215555,L
3.5105607453820147,1.9738619183081672,L
3.803730672620984,1.404111250052234,L
1.190687030110987,3.581232579284343,C
1.5882367002465523,3.330144672325495,C
3.998106127280508,1.018715713908075,L
3.825227676950954,1.7330001828814003,L
3.6629954299959855,1.3658271803596145,L
3.7266219119198576,1.4821514615634743,L
1.300366776336104,3.5954652986075386,C
2.8610737139107534,1.222132485252319,L
3.4050351878882457,0.9708489120961111,L
4.179555943229271,1.5339518081786931,L
3.448761326592919,1.5753693312050345,L
1.5477988655533725,4.035665747181918,C
3.6045303485222697,1.5028437456720987,L
1.321670187847642,3.4084638247243424,C
3.420156568634807,1.1859186563538366,L
1.6280277793257318,3.3808720129031142,C
1.5835866567117634,3.371637690265886,C
3.2666057348205775,1.3844076590003747,L
1.2398942370689074,3.6657181120945412,C
3.3000404299222605,1.660730253833476,L
1.0257208669814206,3.5005869856194614,C
1.4349453245517383,3.5130801160090455,C
3.4987496074534747,1.5765981457859695,L
3.392097522671906,1.3843651995589974,L
3.489819718342139,1.9601800772158287,L
3.8828393957371934,1.9467191162665993,L
1.8268555225515446,3.1298000955439167,C
1.3362565985234254,3.3268141696406284,C
1.5745179610796565,3.206088100677498,C
3.180188277001987,1.3430345214243389,L
1.1374383381013518,3.6743108626174044,C
1.7283005198598103,3.6694712156682474,C
3.3329907253988975,1.2695695436342525,L
1.6129290212546703,3.7586881367718554,C
1.4580415431748759,3.0458757026329417,C
1.5392972228455886,3.517147438187555,C
3.000894816227545,1.054568679524523,L
3.7188878436070834,1.8168713120277076,L
1.7588627569724444,3.229194151328428,C
1.2626436585528804,3.1536152840858387,C
1.4660335214691411,3.534901044264824,C
3.4318367555268323,1.5818242849492081,L
1.6547826164037795,3.660298032813981,C
3.504304552507935,1.4465880767833685,L
3.291012005038324,1.7636648236228174,L
3.3865046555923026,1.9277103438000633,L
1.0573772543028808,3.5217021331546587,C
3.2392961463244743,1.6332558459036646,L
1.2430153132043829,3.479560526418792,C
1.475990689481086,3.1688756528683393,C
3.5142694241792944,1.3664269918098744,L
3.2955714718265714,1.095703283192998,L
3.3942675823394564,1.522918574949743,L
3.4476374668025884,1.4243181389231274,L
3.3868751315270327,1.759964157393232,L
1.4498064287060872,3.076889396726954,C
3.3335291950948616,1.434586200237938,L
1.185480376670129,3.723677468615038,C
3.631667590206612,1.133602966293993,L
1.4812242258536308,3.8400941131244974,C
1.6305566104113405,3.203483585726626,C
1.398830451740505,3.2987716918200505,C
1.3806610018433785,3.5375844717346663,C
2.022955905579911,3.570978023512809,C
1.292884714988612,3.776629415706238,C
3.955102848548658,1.294571142304041,L
1.3175766929206236,3.4893473087711095,C
3.3810325488526285,1.996518316611571,L
3.4454554933257335,1.450173872058359,L
3.2604159017692935,1.2983239692539956,L
3.7777785894473763,1.4027103980923363,L
3.8782417895922565,1.2280589362664949,L
1.2008956002887472,3.7865886928722876,C
3.371959036103006,1.2421016741605015,L
1.4750637021224977,3.6994946529270267,C
1.7290787747502576,3.741267975516391,C
1.2709347838476783,3.7056481399485683,C
2.9890993592676507,1.2609303405315828,L
1.5642556121490092,3.6714742345628117,C
3.5462915885488675,1.1946932310097356,L
1.2671655439871103,3.0575401236803366,C
1.5301163296986189,3.270430432272562,C
3.533236675222225,1.5648762490277488,L
1.5762423267240115,3.875382763703144,C
3.612090494126107,1.0376218688877799,L
3.856272117156217,1.6768894963263232,L
4.006016962201766,1.520914581265403,L
1.660756084133018,3.1929982509284605,C
1.4619703838913327,3.8016662445992364,C
3.489456179780503,1.5732247602571297,L
3.2845134802053733,1.7689860333218428,L
1.5271296607934277,3.571071251134843,C
2.1276778707355626,3.8444944028774573,C
3.5849746520665344,1.3988695166156353,L
3.4778956315996608,1.4115916547908527,L
1.0370753876492413,3.2092073888825494,C
1.611271845702564,3.644916465782822,C
3.851721065671682,1.8953843841946236,L
1.55708968082815,3.430294795064468,C
3.825930515413079,1.3886462908710036,L
1.579805271602777,3.485266074014554,C
3.086075928418896,1.753197082223738,L
1.5955864939886826,3.177349345913132,C
1.2628656749602472,3.6592572786236772,C
3.81373284205296,1.6604553337872032,L
1.5341987245677111,3.449803996718665,C
2.0017822633257247,3.5525719538051876,C
0.8605247045771478,3.5373667423665918,C
3.561237930015769,1.444367260063598,L
1.0234233180996595,3.2429906837934364,C
1.5371987280912527,3.6039942794125785,C
1.6366088354762471,3.5081677981995827,C
3.2511489895792858,1.8403473484663588,L
3.1907474502270836,1.5915126811728733,L
3.332619336791144,1.4076060338329013,L
1.8490625583068714,3.4556134833175305,C
0.9537106254939232,4.058490067372647,C
1.479772010076181,3.9340810377479514,C
1.788683795915205,3.3482949434797438,C
1.703121625328292,3.5930158127328826,C
1.4626518076398118,3.5405168313724356,C
3.1240160767865737,1.22482236087169,L
1.5444732890524935,3.792292751088495,C
1.6199163919063697,3.4583901389416507,C
1.7118366809619243,3.6068992091812753,C
1.651100599276032,3.206285202434523,C
1.48740378551638,3.5716702038717347,C
1.6154221515124074,3.3101829709036568,C
1.2076354300711272,3.5828296474836057,C
3.5467649193436173,1.7833507018424104,L
3.5436480142077564,1.9149594408635913,L
4.25574266662246,1.770952431889421,L
3.484959402964911,1.663759659884564,L
1.0860413296896245,3.6110592469635456,C
1.7273084828420844,3.2474728200772396,C
1.0691995359781084,3.820609208544734,C
1.834651858965128,2.829360198444204,C
3.474665518930877,1.7683200784153918,L
3.8683963307751075,1.6136693562665712,L
1.5812907536205683,3.45111922602666,C
1.4709290940289437,3.0074783621017014,C
3.487525710637715,1.5151919266952212,L
3.4993112185077178,1.9707825094288296,L
1.859184383268328,2.774285027271343,C
4.062885701760903,1.2986775578588794,L
1.4652087268363434,3.3096681318289325,C
2.0356384443072044,3.4831055953139143,C
3.574292903692044,1.431572939600949,L
3.5081955048530222,1.7676336094248255,L
3.5040571644677296,1.2473628910455794,L
1.8288640111360648,3.6824998082442026,C
1.5759539332503973,3.3689711741102735,C
1.4254384206914836,3.2659357875738912,C
1.6022779884928189,3.069769279699902,C
1.2512871644713317,3.130837175507636,C
3.8307353755981417,1.4450004031152317,L
1.133671293494825,3.191517609701198,C
3.3288836179128576,1.3400043880575796,L
1.2591320430181636,3.567629217939182,C
1.7095561031624222,3.6516548354494343,C
1.1825735727020867,3.404511935259824,C
1.3734318467990112,3.6362708933343746,C
3.573121313603651,1.3760793721087954,L
1.1189653940205262,3.834462995372147,C
3.6622853804783353,1.0069021199272514,L
3.665447185624073,1.2576867674755425,L
3.169108923929782,1.4357364037632097,L
3.0828463968693014,1.8294905578992011,L
3.094093657979258,1.7619801329820082,L
1.2417773329675938,3.19588178046014,C
1.7742986894081443,3.3236812110249163,C
1.792233966377442,3.8558549858319715,C
1.5627600938093957,3.8701098690035747,C
0.827292704487538,3.766033675942504,C
3.2221874312069767,0.7740024615678325,L
1.2279444216157502,3.5786821768523898,C
1.436421218930152,3.5089314904320097,C
1.348790810326206,3.292086847937201,C
3.804312475201691,1.4064075539307552,L
1.3901477281946784,3.4015549108039504,C
1.3020432173186705,3.526484425184088,C
3.6733081044569356,1.8763429898550066,L
1.5383684981799217,3.7758229031452277,C
3.4584392010554574,1.841552389759652,L
1.2355410575038672,3.172028353152809,C
1.4991847532803504,3.3975406215031336,C
1.32150034286639,3.816750731359546,C
3.8996525272028943,1.4593046380656582,L
3.0208333213699605,1.753156432895938,L
1.503420549095361,3.124272253667587,C
0.9889019770156241,3.5695520788240684,C
3.5300499397151457,1.4673178426422662,L
3.414221990919493,0.9980659441790876,L
1.7917297930356755,3.6647050253041016,C
3.4872474019196287,1.5121426937481226,L
1.3873921185723859,3.272771878511321,C
1.5218878008528238,3.2515491421385403,C
3.5523750971959607,1.7821894133982155,L
3.391175582895728,1.0522269376178175,L
3.2107425831275354,1.138460587825431,L
1.3397419768305925,3.810115212846287,C
3.521797146962923,1.6944805046376885,L
1.3522090185553037,3.9081495314260772,C
1.272607207670638,3.7924094164962003,C
1.762903276679964,3.6474594853853386,C
3.237251527853027,1.5245420513391617,L
1.6214908845132554,4.097099770163613,C
1.1524624371473646,3.4676359445976424,C
3.6805725183786677,1.4807528879859548,L
3.059809671259412,1.4308297269058272,L
1.484019021185801,3.361554603199586,C
3.5655564258421264,1.526794491434069,L
3.438971878261582,1.7800467952154513,L
1.1924056637587876,3.4725353695442016,C
1.6880359813579915,3.55802171607632,C
1.7348380119897484,3.2723280164240443,C
1.0681124868918161,3.8408890789575687,C
1.5106029739781577,3.2207690688121646,C
1.3070056750026164,3.0143272721095253,C
3.2419439659632037,1.37689444796593,L
1.4927532995286525,3.360698166262295,C
3.962477082636437,2.157385153956944,L
3.3168165192019003,1.6861104294710063,L
1.2981261189815094,3.722022000356048,C
3.1522510451765537,1.2269337605672406,L
3.6841644619546567,1.7376454425146868,L
3.5362718058871714,1.8072056878662723,L
3.1656645184451984,1.9671851579879829,L
1.6289099639272333,3.192824348127356,C
3.4490559497158677,1.7149937154435704,L
3.5133412318987847,1.2954660142243783,L
3.297813569287992,1.7430702681756514,L
1.2968054929729487,3.6664783921675417,C
3.394115704140475,1.6249754363812432,L
